Classification report,
Statistical Area 2 2023,
Valid from,01-Jan-2023,
Valid to,Current (as at 20-May-2024),
Lifecycle status,Released,
Audience,OSS,
Code,Descriptor,
100100,"North Cape",
100200,"Rangaunu Harbour",
100301,"Inlets Far North District",
100400,"Karikari Peninsula",
100500,"Tangonge",
100600,"Ahipara",
100700,"Kaitaia East",
100800,"Kaitaia West",
100900,"Rangitihi",
101000,"Oruru-Parapara",
101101,"Doubtless Bay",
101200,"Herekino-Takahue",
101300,"Peria",
101400,"Taemaro-Oruaiti",
101500,"Whakapaku",
101600,"Hokianga North",
101700,"Kohukohu-Broadwood",
101801,"Whakarara",
101900,"Kaeo",
102000,"Omahuta Forest-Horeke",
102100,"Hokianga South",
102201,"Lake Manuwai-Kapiro",
102300,"Okaihau",
102401,"Rangitane-Purerua",
102501,"Waipapa",
102600,"Puketotara",
102700,"Waima Forest",
102801,"Riverview",
102900,"Waipoua Forest",
103000,"Kerikeri Central",
103101,"Kerikeri South",
103200,"Ohaeawai-Waimate North",
103301,"Puketona-Waitangi",
103401,"Ngapuhi",
103501,"Kaikohe",
103600,"Pakaraka",
103700,"Haruru",
103800,"Russell",
103900,"Paihia",
104000,"Mataraua Forest",
104101,"Matawaia-Taumarere",
104200,"Russell Peninsula",
104301,"Opua (Far North District)",
104400,"Russell Forest-Rawhiti",
104501,"Moerewa",
104600,"Kawakawa",
104700,"Maromaku",
104800,"Mangakahia-Hukerenui",
104900,"Whangaruru",
105001,"Inlets other Whangarei District",
105101,"Matarau",
105200,"Hikurangi",
105300,"Kauri",
105400,"Maungatapere",
105500,"Kamo West",
105601,"Matapouri-Tutukaka",
105700,"Kiripaka",
105800,"Kamo East",
105901,"Granfield Reserve",
106000,"Kamo Central",
106100,"Whau Valley",
106201,"Tikipunga North",
106301,"Pukenui",
106401,"Otangarei",
106501,"Tikipunga South",
106600,"Kensington (Whangarei District)",
106700,"Abbey Caves-Glenbervie",
106800,"Mairtown",
106901,"Maunu",
106902,"Horahora",
107000,"Woodhill-Vinetown",
107100,"Whangarei Central",
107200,"Riverside",
107300,"Raumanga",
107401,"Tarewa",
107501,"Morningside (Whangarei District)",
107600,"Ngunguru",
107700,"Otaika-Portland",
107800,"Oakleigh-Mangapai",
107901,"Port-Limeburners",
108000,"Pataua",
108100,"Onerahi Park",
108200,"Sherwood Rise",
108300,"Onerahi",
108400,"Inlet Whangarei Harbour",
108500,"Parua Bay",
108601,"Bream Bay",
108701,"One Tree Point",
108800,"Ruakaka",
108900,"Bream Head",
109003,"Waipu",
109004,"Waipu Rural",
109101,"Kaipara Coastal",
109200,"Maungaru",
109301,"Dargaville",
109400,"Ruawai-Matakohe",
109500,"Otamatea (Kaipara District)",
109600,"Maungaturoto",
109700,"Kaiwaka",
109800,"Mangawhai Rural",
109900,"Mangawhai Heads",
110000,"Inlet Mangawhai Harbour",
110100,"Mangawhai",
110201,"Okahukura Peninsula",
110300,"Inlet Kaipara Harbour South",
110400,"Cape Rodney",
110501,"Wellsford",
110600,"Oceanic Auckland Region East",
110700,"South Head",
110800,"Kaipara Hills",
110900,"Dome Valley-Matakana",
111000,"Oceanic Auckland Region West",
111100,"Warkworth West",
111200,"Puhoi Valley",
111300,"Warkworth East",
111400,"Sandspit",
111500,"Tawharanui Peninsula",
111601,"Kaukapakapa",
111602,"Kaukapakapa Rural",
111700,"Snells Beach",
111801,"Barrier Islands",
111901,"Mahurangi Peninsula",
112001,"Inlets other Auckland",
112101,"Wainui-Waiwera",
112102,"Ara Hill",
112200,"Parakai",
112301,"Helensville Rural",
112401,"Helensville",
112500,"Waitoki",
112600,"Waikoukou Valley",
112701,"Orewa North",
112702,"Orewa West",
112800,"Hatfields Beach",
112901,"Orewa South",
112902,"Millwater North",
113000,"Orewa Central",
113101,"Millwater Central",
113201,"Waipatukahu",
113300,"Millwater South",
113401,"Milldale",
113402,"Dairy Flat North",
113500,"Dairy Flat West",
113600,"Kingsway",
113700,"Riverhead Forest",
113800,"Silverdale Central (Auckland)",
113900,"Red Beach West",
114000,"Red Beach East",
114101,"Silverdale South (Auckland)",
114102,"Stillwater",
114201,"Waimauku",
114300,"Gulf Islands",
114400,"Vipond",
114500,"Muriwai",
114600,"Stanmore Bay West",
114701,"Kumeu Rural West",
114801,"Okura Bush",
114901,"Whangaparaoa Central",
114902,"Wade Heads-Arkles Bay",
115001,"Kumeu-Huapai North",
115002,"Kumeu-Huapai South",
115100,"Stanmore Bay East",
115200,"Manly West",
115300,"Muriwai Valley-Bethells Beach",
115400,"Tindalls-Matakatia",
115501,"Coatesville",
115601,"Dairy Flat South",
115700,"Gulf Harbour North",
115800,"Manly East",
115901,"Riverhead",
116000,"Army Bay",
116101,"Kumeu Rural East",
116200,"Gulf Harbour South",
116300,"Paremoremo West",
116401,"Taupaki",
116500,"Long Bay",
116601,"Paremoremo East",
116701,"Albany Heights",
116801,"Awaruku",
116900,"Fairview Heights",
117001,"Whenuapai",
117002,"Whenuapai West",
117003,"Massey Red Hills",
117100,"Waitakere Ranges North",
117201,"Torbay West",
117202,"Torbay East",
117300,"Albany Central",
117400,"Albany West",
117500,"Glamorgan",
117600,"Oteha East",
117700,"Northcross",
117800,"Oteha West",
117900,"Waiake",
118001,"Waitakere",
118100,"Albany South",
118200,"Browns Bay South West",
118300,"Browns Bay Central",
118400,"Schnapper Rock",
118501,"Pinehill North",
118502,"Pinehill South",
118600,"North Harbour",
118700,"Browns Bay South East",
118800,"Westgate Central",
118900,"Greenhithe West",
119000,"Rothesay Bay",
119100,"Greenhithe East",
119201,"Hobsonville",
119301,"Inlet Waitemata Harbour",
119400,"Greenhithe South",
119500,"Murrays Bay West",
119600,"Westgate South",
119700,"Windsor Park",
119800,"West Harbour West",
119901,"Unsworth Heights West",
120000,"Murrays Bay East",
120101,"Birdwood West",
120201,"Hobsonville Point Catalina Bay",
120202,"Hobsonville Point Park",
120203,"Hobsonville Scott Point",
120301,"West Harbour Clearwater Cove",
120400,"Unsworth Heights East",
120500,"Mairangi Bay North",
120600,"Massey Central",
120701,"West Harbour Luckens Point",
120800,"Mairangi Bay South",
120900,"Massey Royal Road West",
121001,"Bayview East (Auckland)",
121100,"Swanson Rural",
121200,"Sunnynook South",
121300,"Sunnynook North",
121401,"Bayview West (Auckland)",
121500,"Totara Vale North",
121600,"Royal Heights North",
121701,"Massey West",
121800,"Beach Haven West",
121901,"Totara Vale South",
122001,"Swanson",
122101,"Bayview South (Auckland)",
122200,"Campbells Bay",
122300,"Royal Heights South",
122400,"Beach Haven East",
122501,"Massey Keegan",
122600,"Forrest Hill North",
122700,"Glenfield North",
122801,"Birkdale North",
122802,"Birkdale Central",
122901,"Massey South",
123000,"Ranui North",
123100,"Glenfield West",
123200,"Te Atatu Peninsula North West",
123300,"Glenfield South West",
123400,"Forrest Hill West",
123500,"Wairau Valley",
123600,"Forrest Hill East",
123701,"Castor Bay North",
123702,"Castor Bay South",
123800,"Ranui Domain",
123900,"Beach Haven South",
124000,"Glenfield Central",
124100,"Piha",
124200,"Ranui South West",
124301,"Henderson Larnoch",
124401,"Birkdale South",
124500,"Te Atatu Peninsula Central",
124600,"Glenfield East",
124700,"Henderson Valley",
124800,"Te Atatu Peninsula West",
124900,"Henderson Lincoln West",
125000,"Ranui South East",
125100,"Henderson Lincoln East",
125201,"Birkenhead West",
125202,"Birkenhead North West",
125300,"Te Atatu Peninsula East",
125400,"Milford West",
125500,"Westlake",
125600,"Hillcrest North (Auckland)",
125701,"Henderson Lincoln South",
125800,"Hillcrest West (Auckland)",
125900,"Milford Central",
126000,"Summerland South",
126100,"Summerland North",
126200,"Hillcrest East (Auckland)",
126300,"Chatswood",
126401,"Te Atatu South-Edmonton",
126500,"Birkenhead North",
126601,"Takapuna West",
126701,"Henderson North",
126702,"Henderson West",
126801,"Takapuna Central",
126901,"Western Heights (Auckland)",
127001,"Te Atatu South-North",
127002,"Te Atatu South-Central",
127100,"Northcote Central (Auckland)",
127200,"Akoranga",
127300,"Northcote South (Auckland)",
127400,"Birkenhead South",
127500,"Henderson Central",
127601,"Waiatarua",
127701,"Te Atatu South-McLeod North",
127801,"Henderson Valley Park",
127900,"Henderson North East",
128000,"Waitakere Ranges South",
128101,"Northcote Tuff Crater",
128200,"Northcote Point (Auckland)",
128301,"McLaren Memorial Park",
128401,"Henderson East",
128501,"Te Atatu South-McLeod South",
128601,"Takapuna South",
128700,"Rosebank Peninsula",
128800,"Hauraki",
128901,"Glendene North West",
128902,"Glendene North East",
129000,"Sunnyvale West-Parrs Park",
129101,"Sunnyvale East",
129201,"Point Chevalier West",
129300,"Belmont (Auckland)",
129400,"Bayswater",
129501,"Glendene South",
129600,"Glen Eden West",
129700,"Herne Bay",
129800,"Westmere North",
129901,"Point Chevalier North",
129902,"Point Chevalier East",
130000,"Oratia",
130100,"Glen Eden Rosier",
130200,"Saint Marys Bay",
130300,"Westmere South-Western Springs",
130400,"Ponsonby West",
130500,"Kelston North",
130601,"Avondale Rosebank (Auckland)",
130700,"Narrow Neck",
130801,"Glen Eden North",
130901,"Glen Eden Woodglen",
130902,"Glen Eden Konini",
131000,"Kelston South",
131100,"Waterview",
131200,"Ponsonby East",
131300,"Wynyard-Viaduct",
131400,"Stanley Point",
131500,"Glen Eden Central",
131600,"Grey Lynn North",
131700,"Avondale West (Auckland)",
131801,"Freemans Bay",
131802,"College Hill",
131900,"Mount Albert West",
132001,"Avondale North West (Auckland)",
132002,"Avondale North East (Auckland)",
132100,"Grey Lynn West",
132200,"Mount Albert North",
132300,"New Lynn North",
132400,"Victoria Park",
132501,"Konini Road",
132600,"New Lynn North West",
132700,"Hobson Ridge North",
132800,"Grey Lynn Central",
132900,"Fruitvale",
133000,"Devonport",
133100,"Avondale Central (Auckland)",
133200,"Queen Street",
133301,"Quay Street-Customs Street",
133400,"Hobson Ridge Central",
133500,"Grey Lynn East",
133600,"Morningside (Auckland)",
133700,"Shortland Street",
133800,"Hobson Ridge South",
133900,"New Lynn Central",
134000,"Cheltenham",
134100,"Queen Street South West",
134200,"Mount Albert Central",
134301,"Karangahape West",
134302,"Karangahape East",
134400,"Kingsland",
134500,"Anzac Avenue",
134600,"Waima-Woodlands Park",
134700,"Kaurilands",
134800,"Auckland-University",
134900,"New Lynn Seabrook",
135000,"Avondale South (Auckland)",
135100,"Symonds Street North West",
135200,"Mount Albert South",
135300,"Symonds Street West",
135401,"Titirangi East",
135500,"Owairaka West",
135600,"New Lynn Central South",
135700,"The Strand",
135800,"St Lukes",
135900,"Symonds Street East",
136001,"Eden Terrace",
136002,"Grafton West",
136100,"Grafton",
136200,"Eden Park",
136300,"Sandringham North",
136400,"Parnell West",
136501,"New Lynn South",
136502,"New Lynn South East",
136601,"New Windsor North",
136700,"Titirangi South",
136801,"Owairaka East",
136900,"Eden Valley",
137000,"Sandringham Central",
137100,"Glenavon",
137201,"Blockhouse Bay North",
137202,"Blockhouse Bay Central",
137300,"Green Bay North",
137400,"Parnell East",
137500,"Laingholm",
137600,"Sandringham West",
137701,"Mount Eden North East",
137800,"Mount Eden North",
137901,"Wesley West",
138000,"Green Bay South",
138100,"Balmoral",
138200,"Sandringham East",
138301,"New Windsor South",
138302,"New Windsor East",
138400,"Mount Eden West",
138501,"Newmarket",
138502,"Newmarket Park",
138600,"Blockhouse Bay North East",
138700,"Epsom North",
138800,"Wesley South",
138901,"Blockhouse Bay South",
139000,"Mount Eden East",
139100,"Wesley East",
139201,"Orakei West",
139300,"Maungawhau",
139400,"Remuera West",
139501,"Blockhouse Bay East",
139601,"Mount Roskill West",
139700,"Mount Roskill North",
139801,"Mount Roskill White Swan",
139802,"Mount Roskill Nirvana",
139900,"Mount Eden South",
140000,"Remuera Waitaramoa",
140100,"Orakei East",
140200,"Epsom Central-North",
140300,"Mount St John",
140400,"Mount Roskill Central North",
140500,"Remuera North",
140601,"Mount Roskill North East",
140700,"Mount Roskill Central South",
140800,"Epsom Central-South",
140901,"Lynfield Central",
140902,"Lynfield Harbour View",
141000,"Remuera South",
141101,"Mission Bay",
141102,"Mission Bay Eastridge",
141201,"Three Kings North",
141300,"Mount Roskill South",
141400,"Inlet Manukau Harbour",
141500,"Epsom East",
141600,"Remuera Waiata",
141700,"Epsom South",
141801,"Kohimarama Bay",
141802,"Kohimarama Stadium",
141900,"Meadowbank West",
142001,"Three Kings South",
142002,"Hillsborough North (Auckland)",
142101,"Mount Roskill Central East",
142201,"Greenlane North",
142202,"Greenlane Central",
142301,"Mount Roskill South East",
142400,"Remuera East",
142501,"Waikowhai Bay",
142600,"Royal Oak West (Auckland)",
142700,"Saint Heliers West",
142801,"One Tree Hill Oranga",
142802,"One Tree Hill Amaru",
142901,"Hillsborough Central (Auckland)",
143000,"Saint Heliers North",
143100,"Remuera Abbotts Park",
143200,"Meadowbank East",
143301,"Ellerslie Central",
143400,"Royal Oak East (Auckland)",
143500,"Saint Heliers South",
143600,"Hillsborough South (Auckland)",
143700,"Saint Johns West",
143800,"Greenlane South",
143900,"Remuera Waiatarua",
144001,"Glendowie North",
144101,"Onehunga West",
144201,"Ellerslie West",
144300,"Onehunga North",
144400,"Ellerslie East",
144500,"Saint Johns East",
144600,"Oneroa West",
144700,"Glen Innes West",
144800,"Ellerslie South",
144900,"Stonefields West",
145000,"Onehunga Central",
145101,"Glendowie South West",
145102,"Glendowie South East",
145200,"Oranga",
145300,"Mount Wellington North West",
145400,"Panmure Glen Innes Industrial",
145500,"Onehunga-Te Papapa Industrial",
145600,"Te Papapa",
145700,"Stonefields East",
145800,"Glen Innes East-Wai O Taiki Bay",
145900,"Penrose",
146000,"Mount Wellington North East",
146100,"Mangere Bridge Ambury",
146201,"Mount Wellington Ferndale",
146301,"Point England North",
146302,"Point England South",
146400,"Bucklands Beach North",
146501,"Mount Wellington East",
146600,"Mount Wellington West",
146700,"Panmure West",
146800,"Mangere Bridge",
146900,"Oneroa East-Palm Beach",
147001,"Tamaki West",
147002,"Tamaki East",
147100,"Panmure East",
147201,"Mount Wellington Central",
147202,"Mount Wellington Hamlin",
147300,"Bays Waiheke Island",
147400,"Sylvia Park",
147500,"Mangere Mountain View",
147600,"Surfdale",
147700,"Mount Wellington Industrial",
147800,"Half Moon Bay West",
147900,"Auckland Airport",
148000,"Eastern Beach",
148101,"Sunnyhills West",
148102,"Pakuranga North",
148200,"Favona North",
148300,"Bucklands Beach Central",
148401,"Farm Cove",
148501,"Mangere North",
148600,"Favona West",
148700,"Ostend",
148800,"Half Moon Bay North East",
148901,"Mangere West",
149001,"Pakuranga West",
149100,"Mount Wellington South West",
149200,"Sunnyhills East",
149300,"Half Moon Bay South East",
149400,"Favona East",
149500,"Mount Wellington South East",
149600,"Otahuhu Industrial",
149701,"Bucklands Beach Murvale",
149702,"Bucklands Beach South",
149800,"Pakuranga Central",
149901,"Awhitu",
150000,"Harania North",
150101,"Otahuhu Central",
150200,"Mangere Central",
150301,"Otahuhu North West",
150302,"Otahuhu North East",
150400,"Howick West",
150500,"Pakuranga Heights North West",
150600,"Mellons Bay",
150700,"Pakuranga Heights East",
150800,"Sutton Park",
150900,"Otahuhu East",
151000,"Mangere South",
151100,"Onetangi",
151200,"Harania South",
151301,"Highland Park (Auckland)",
151400,"Otahuhu South West",
151500,"Pakuranga Heights South West",
151600,"Mangere Mascot",
151700,"Waiheke East",
151800,"Massey Road West",
151900,"Otahuhu South",
152000,"Howick Central",
152101,"Massey Road North",
152201,"Botany Downs West",
152300,"East Tamaki",
152400,"Howick East",
152500,"Burswood",
152600,"Massey Road South",
152700,"Middlemore",
152800,"Mangere South East",
152900,"Botany Downs East",
153000,"Grange",
153100,"Golflands",
153200,"Aorere North",
153301,"Mangere East",
153400,"Cockle Bay",
153500,"Otara West",
153600,"Aorere Central",
153700,"Northpark North",
153800,"Somerville",
153900,"Northpark South",
154001,"Papatoetoe North",
154101,"Dingwall",
154201,"Aorere South West",
154202,"Aorere South East",
154300,"Shelly Park",
154400,"Otara Central",
154500,"Huntington Park",
154600,"Botany Central",
154701,"Dannemora North-Shamrock Park",
154801,"Papatoetoe North West",
154802,"Papatoetoe West",
154901,"Papatoetoe Central West",
154902,"Papatoetoe Central East",
155000,"Sunkist Bay",
155100,"Otara East",
155200,"Redcastle",
155301,"Dannemora South",
155401,"Armoy",
155500,"Manukau Central",
155601,"Papatoetoe North East",
155602,"Papatoetoe East",
155701,"Otara South West",
155702,"Otara South",
155801,"Ferguson",
155901,"Papatoetoe South West",
156000,"Botany Junction",
156101,"Middlefield",
156201,"Papatoetoe South",
156301,"Point View",
156400,"Te Puru",
156500,"Puhinui North",
156601,"Savonna",
156700,"Puhinui South",
156800,"Rongomai West",
156901,"Baverstock",
157000,"Puhinui East",
157101,"Turanga",
157200,"Rongomai East",
157301,"Ormiston North",
157400,"Maraetai",
157500,"Chapel Downs",
157600,"Wiri West",
157701,"Clover Park North",
157702,"Clover Park East",
157800,"Mission Heights North",
157901,"Clover Park South",
158001,"Donegal Park West",
158002,"Donegal Park East",
158101,"Ormiston Central",
158102,"Ormiston South",
158200,"Mission Heights South",
158300,"Hilltop (Auckland)",
158401,"Wiri North",
158402,"Wiri East",
158501,"Goodwood Heights West",
158502,"Goodwood Heights East",
158601,"Ormiston East",
158602,"Bremner Ridge",
158603,"Ormiston South East",
158700,"Clendon Park North",
158800,"Burbank",
158900,"Tuscany Heights",
159000,"Totara Heights",
159101,"Homai East",
159201,"Homai West",
159202,"Homai Central",
159301,"The Gardens (Auckland)",
159401,"Clarks Beach",
159500,"Clendon Park West",
159600,"Hillpark North",
159700,"Clendon Park East",
159801,"Karaka Creek",
159900,"Rowandale West",
160000,"Rowandale East",
160100,"Manurewa Central",
160201,"Weymouth West",
160202,"Weymouth Central",
160300,"Hillpark South",
160401,"Alfriston",
160501,"Weymouth East",
160601,"Leabank",
160700,"Weymouth South",
160800,"Manurewa East",
160901,"Manurewa West",
160902,"Manurewa South",
161000,"Randwick Park East",
161100,"Wattle Downs West",
161201,"Wattle Downs North",
161300,"Randwick Park West",
161400,"Kingseat-Karaka",
161500,"Wattle Downs East",
161600,"Takanini North",
161700,"Takanini Industrial",
161800,"Conifer Grove West",
161900,"Conifer Grove East",
162000,"Takanini West",
162101,"Takanini South",
162102,"Takanini East",
162200,"Takanini Central",
162300,"Ardmore",
162400,"Glenbrook",
162500,"Hingaia",
162601,"Takanini South East",
162602,"Takanini McLennan",
162701,"Kawakawa Bay-Orere",
162800,"Papakura West",
162901,"Clevedon",
163001,"Papakura North",
163100,"Pahurehure",
163200,"Papakura Central",
163301,"Papakura North East",
163302,"Twin Parks Rise",
163400,"Karaka Lakes",
163501,"Papakura Kelvin",
163502,"Papakura Eastburn",
163600,"Papakura Massey Park",
163700,"Rosehill",
163801,"Patumahoe",
163803,"Patumahoe Rural",
163901,"Papakura East",
163902,"Harbour View Heights",
164001,"Opaheke",
164100,"Papakura Industrial",
164201,"Red Hill",
164301,"Drury West",
164302,"Drury East",
164401,"Tamakae",
164500,"Hamilton Estate",
164601,"Runciman",
164602,"Drury South Crossing",
164603,"Waihoehoe",
164700,"Waiuku Central",
164800,"Waiuku East",
164900,"Kendallvale",
165001,"Puni",
165101,"Ramarama",
165200,"Hunua",
165301,"Pukekohe North",
165302,"Pukekohe North West",
165400,"Anselmi Ridge",
165501,"Pukekohe West",
165502,"Pukekohe South West",
165600,"Cape Hill",
165700,"Rosa Birch Park",
165800,"Rooseville Park",
165901,"Cloverlea (Auckland)",
166000,"Pukekohe Central",
166100,"Pukekohe Hospital",
166200,"Buckland",
166301,"Bombay Hills",
166400,"Ararimu",
166500,"Colville",
166600,"Islands Thames-Coromandel District",
166700,"Coromandel",
166801,"Inlets Thames-Coromandel District",
166900,"Mercury Bay North",
167000,"Whitianga North",
167101,"Whitianga South",
167102,"Whitianga Waterways",
167200,"Thames Coast",
167300,"Cooks Beach-Ferry Landing",
167400,"Mercury Bay South",
167501,"Kauaeranga",
167600,"Thames North",
167700,"Thames Central",
167800,"Thames South",
167900,"Hikuai",
168001,"Totora-Kopu",
168101,"Tairua",
168200,"Pauanui",
168300,"Matatoki-Puriri",
168400,"Whangamata Rural",
168501,"Whangamata West",
168502,"Whangamata East",
168600,"Miranda-Pukorokoro",
168701,"Hauraki Plains North",
168800,"Hauraki Plains East",
168901,"Ngatea",
169000,"Hauraki Plains South",
169100,"Paeroa Rural",
169200,"Paeroa",
169301,"Waihi Rural",
169401,"Waihi North",
169500,"Waihi East",
169600,"Waihi South",
169700,"Aka Aka",
169800,"Mangatangi",
169901,"Tuakau Rural",
170001,"Tuakau North",
170101,"Onewhero",
170201,"Pokeno Rural",
170300,"Tuakau South",
170400,"Port Waikato-Waikaretu",
170501,"Pokeno North",
170502,"Pokeno South",
170600,"Pukekawa",
170700,"Maramarua",
170802,"Te Kauwhata West",
170803,"Whangamarino",
170901,"Te Akau",
171000,"Inlets Waikato District",
171101,"Te Kauwhata East",
171201,"Huntly Rural",
171300,"Waerenga",
171400,"Huntly West",
171501,"Huntly East",
171502,"Huntly South",
171601,"Raglan",
171700,"Whitikahu",
171801,"Te Uku",
171803,"Whale Bay",
171901,"Taupiri-Lake Kainui",
172001,"Ngaruawahia North",
172100,"Ngaruawahia Central",
172201,"Ngaruawahia South",
172300,"Kainui-Gordonton",
172401,"Te Kowhai",
172500,"Whatawhata West",
172601,"Horotiu",
172700,"Horsham Downs",
172800,"Whatawhata East",
172900,"Rotokauri",
173000,"Hamilton Park",
173100,"Eureka-Tauwhare",
173201,"Tamahere North",
173202,"Tamahere West",
173300,"Pukemoremore",
173400,"Tamahere South",
173500,"Tahuna-Mangateparu",
173600,"Mangaiti",
173700,"Tatuanui",
173801,"Tahuroa",
173901,"Morrinsville North",
173902,"Morrinsville East",
174001,"Morrinsville West",
174100,"Te Aroha East",
174200,"Te Aroha West",
174300,"Waihou-Manawaru",
174400,"Waitoa-Ngarua",
174500,"Richmond Downs-Wardville",
174601,"Waharoa-Peria",
174701,"Okauia",
174801,"Hinuera",
174901,"Matamata North",
175001,"Matamata West",
175002,"Matamata East",
175100,"Te Poi",
175201,"Te Rapa North",
175301,"Flagstaff North West",
175302,"Flagstaff North East",
175401,"Burbush-Baverstock",
175501,"Flagstaff South",
175601,"Rototuna North",
175700,"Pukete West",
175801,"Flagstaff East",
175901,"Rototuna West",
175902,"Rototuna East",
176000,"Pukete East",
176101,"Te Manatu",
176201,"Rototuna South West",
176202,"Rototuna South East",
176301,"Te Rapa South",
176400,"Saint Andrews West",
176500,"Saint Andrews East",
176600,"Queenwood (Hamilton City)",
176700,"St James",
176800,"Crawshaw",
176900,"Huntington",
177000,"Western Heights (Hamilton City)",
177100,"Nawton West",
177200,"Nawton East",
177300,"Chartwell",
177400,"Forest Lake (Hamilton City)",
177500,"Chedworth",
177600,"Beerescourt",
177700,"Miropiko",
177800,"Porritt",
177901,"Dinsdale North",
178000,"Maeroa",
178100,"Dinsdale South",
178201,"Fairfield North (Hamilton City)",
178202,"Fairfield South (Hamilton City)",
178301,"Whitiora",
178400,"Enderley North",
178500,"Fairview Downs",
178600,"Temple View",
178701,"Swarbrick",
178800,"Kahikatea",
178901,"Frankton Junction",
179001,"Kirikiriroa",
179100,"Enderley South",
179201,"Greenhill Park",
179202,"Ruakura",
179300,"Claudelands",
179401,"Hamilton Central",
179501,"Hamilton Lake North",
179502,"Hamilton Lake South",
179600,"Peachgrove",
179700,"Hamilton East Village",
179801,"Hamilton West",
179901,"Greensboro",
180000,"Hamilton East Cook",
180100,"Melville North",
180200,"Hamilton East",
180300,"Melville South",
180400,"Deanwell",
180500,"Bader",
180601,"Hillcrest West (Hamilton City)",
180700,"Hillcrest East (Hamilton City)",
180800,"Silverdale (Hamilton City)",
180900,"Glenview",
181000,"Resthill",
181101,"Fitzroy (Hamilton City)",
181200,"Riverlea",
181301,"Peacocke",
181400,"Te Pahu",
181500,"Ngahinapouri",
181600,"Lake Cameron",
181700,"Lake Ngaroto",
181800,"Kaipaki",
181900,"Pirongia",
182000,"Hautapu Rural",
182101,"Pokuru",
182201,"Te Rahu",
182300,"Fencourt",
182400,"Hautapu",
182500,"Karapiro",
182600,"Cambridge North",
182700,"Cambridge West",
182800,"Cambridge East",
182900,"Cambridge Park-River Garden",
183000,"Oaklands-St Kilda",
183101,"Pukerimu",
183200,"Cambridge Central",
183300,"Te Awamutu North",
183401,"Te Awamutu West",
183500,"Leamington West",
183600,"Goodfellow Park",
183701,"Leamington South",
183800,"Leamington Central",
183900,"Leamington East",
184000,"Te Awamutu Stadium",
184100,"Te Awamutu Central",
184201,"Pekerau",
184300,"Fraser Street",
184400,"Sherwin Park",
184501,"St Leger",
184601,"Rotoorangi",
184700,"Tokanui",
184800,"Kihikihi Central",
184900,"Maungatautari",
185000,"Rotongata",
185100,"Inlets Otorohanga District",
185200,"Pirongia Forest",
185300,"Honikiwi",
185400,"Te Kawa",
185500,"Otorohanga",
185600,"Maihiihi",
185700,"Puniu",
185800,"Tirau",
185900,"Putaruru Rural",
186000,"Putaruru",
186100,"Kinleith",
186200,"Paraonui",
186300,"Parkdale",
186400,"Matarawa",
186500,"Stanley Park",
186600,"Strathmore (South Waikato District)",
186700,"Tokoroa Central",
186800,"Moananui",
186900,"Inlet Waitomo District",
187000,"Herangi",
187100,"Hangatiki",
187200,"Aria",
187300,"Te Kuiti West",
187400,"Te Kuiti East",
187500,"Waipa Valley",
187600,"Tiroa",
187701,"Marotiri",
187702,"Mangakino",
187800,"Ohakuri",
187900,"Lake Taupo Bays",
188001,"Mapara",
188002,"Kinloch",
188100,"Inland water Lake Taupo",
188200,"Wairakei-Broadlands",
188300,"Acacia Bay",
188400,"Brentwood (Taupo District)",
188501,"Nukuhau",
188502,"Rangatira Park",
188600,"Taupo Central West",
188701,"Tauhara",
188702,"Centennial",
188800,"Taupo Central East",
188900,"Mountview",
189000,"Bird Area",
189101,"Hilltop (Taupo District)",
189102,"Invergarry",
189200,"Waipahihi",
189300,"Richmond Heights",
189400,"Wharewaka",
189500,"Kaimanawa",
189600,"Waitahanui",
189700,"Turangi",
189800,"Rangataiki",
189900,"Taharua",
190000,"Te More",
190100,"Waiau",
190200,"Waihi Beach-Bowentown",
190300,"Tahawai",
190400,"Athenree",
190501,"Aongatete",
190601,"Katikati North",
190602,"Katikati South",
190700,"Inlet Tauranga Harbour North",
190800,"Matakana Island",
190901,"Pahoia West",
190902,"Pahoia East",
191001,"Omokoroa North",
191101,"Omokoroa South",
191201,"Te Puna",
191300,"Minden",
191400,"Kaimai",
191501,"Kopurererua",
191502,"Keenan Road",
191601,"Waitao",
191700,"Waiorohi",
191801,"Otawa",
191901,"Te Puke West",
192000,"Rangiuru",
192101,"Te Puke East",
192102,"Te Puke South",
192200,"Inlets Maketu",
192300,"Maketu",
192400,"Pukehina Beach",
192500,"Pongakawa",
192600,"Matua North",
192700,"Inlet Tauranga Harbour South",
192800,"Mount Maunganui North",
192900,"Matua South",
193000,"Bethlehem North",
193100,"Bellevue",
193201,"Otumoetai North",
193202,"Otumoetai East",
193301,"Otumoetai South",
193400,"Brookfield West",
193500,"Bethlehem Central",
193600,"Brookfield East",
193700,"Mount Maunganui South",
193800,"Tauranga Central",
193900,"Mount Maunganui Central",
194000,"Judea",
194100,"Te Reti",
194200,"Bethlehem South",
194300,"Omanu Beach",
194400,"Tauranga Hospital",
194500,"Tauriko",
194601,"Gate Pa",
194700,"Greerton South",
194801,"Tauranga South",
194802,"Fraser Cove",
194900,"Arataki North",
195000,"Matapihi",
195101,"Pyes Pa North West",
195102,"Pyes Pa West",
195200,"Greerton North",
195300,"Yatton Park",
195401,"Pyes Pa North",
195500,"Arataki South",
195601,"Pyes Pa South",
195700,"Poike",
195800,"Te Maunga North",
195900,"Maungatapu",
196000,"Hairini",
196100,"Pyes Pa East",
196201,"Te Maunga South",
196202,"Pacific Lakes",
196301,"Kaitemako",
196400,"Ohauiti",
196500,"Baypark-Kairua",
196600,"Welcome Bay West",
196700,"Welcome Bay East",
196800,"Pacific View",
196900,"Welcome Bay South",
197000,"Palm Beach North",
197100,"Palm Beach South-Gravatt",
197200,"Papamoa Beach North",
197300,"Doncaster",
197400,"Papamoa Beach South",
197500,"Motiti",
197601,"Wairakei West",
197602,"Wairakei Central",
197603,"Wairakei East-Te Tumu",
197700,"Tui Ridge",
197800,"Arahiwi",
197900,"Ngongotaha Valley",
198000,"Hamurana",
198100,"Ngongotaha East",
198200,"Ngongotaha West",
198300,"Inland water Lake Rotorua",
198400,"Ngongotaha South",
198500,"Selwyn Heights",
198600,"Pleasant Heights",
198700,"Rotoiti-Rotoehu",
198800,"Kawaha",
198900,"Fairy Springs",
199000,"Western Heights (Rotorua District)",
199100,"Pukehangi North",
199200,"Pukehangi South",
199300,"Mangakakahi Central",
199400,"Koutu",
199500,"Mangakakahi West",
199600,"Sunnybrook",
199700,"Fordlands",
199800,"Kuirau",
199900,"Utuhina",
200000,"Pomare",
200100,"Rotorua Central",
200200,"Hillcrest (Rotorua District)",
200300,"Victoria",
200401,"Waiohewa",
200500,"Glenholme North",
200600,"Springfield South",
200700,"Springfield North",
200800,"Glenholme South",
200900,"Owhata West",
201001,"Holdens Bay-Rotokawa",
201100,"Ngapuna",
201200,"Fenton Park",
201300,"Tihiotonga-Whakarewarewa",
201401,"Owhata East",
201501,"Lynmore",
201600,"Ngakuru",
201700,"Kaingaroa-Whakarewarewa",
201800,"Golden Springs",
201900,"Manawahe",
202000,"Matata-Otakiri",
202100,"Onepu Spring",
202200,"Edgecumbe",
202300,"Thornton-Awakeri",
202400,"Te Teko Lakes",
202500,"Coastlands",
202600,"Whakatane West",
202700,"Whakatane Central",
202800,"Trident",
202900,"Allandale",
203000,"Mokorua Bush",
203100,"Wainui",
203200,"Ohope",
203300,"Inlet Ohiwa Harbour West",
203400,"Galatea",
203500,"Waingarara-Waimana",
203600,"Murupara",
203700,"Monika Reserve",
203800,"Kawerau Industrial",
203901,"Kawerau Central",
203902,"Tarawera Park",
204000,"Inlet Ohiwa Harbour East",
204101,"Waiotahe",
204200,"Cape Runaway",
204301,"Woodlands",
204400,"Opotiki",
204500,"Otara-Tirohanga",
204600,"Oponae",
204700,"East Cape",
204800,"Waipaoa",
204900,"Ruatoria-Raukumara",
205000,"Tokomaru",
205100,"Hangaroa",
205201,"Wharekaka",
205300,"Te Arai",
205401,"Hexton",
205500,"Lytton",
205601,"Makaraka-Awapuni",
205700,"Riverdale",
205800,"Te Hapara North",
205900,"Mangapapa North",
206000,"Elgin",
206100,"Te Hapara South",
206200,"Mangapapa East",
206300,"Mangapapa South",
206400,"Te Hapara East",
206500,"Centennial Crescent",
206601,"Whataupoko East",
206700,"Whataupoko West",
206801,"Gisborne Central",
206802,"Inlet Eastland Port",
206900,"Kaiti North",
207000,"Kaiti South",
207100,"Outer Kaiti",
207200,"Tamarau",
207301,"Wainui-Okitu",
207400,"Maungataniwha-Raupunga",
207500,"Inland water Lake Waikaremoana",
207600,"Frasertown-Ruakituri",
207700,"Whakaki",
207800,"Wairoa",
207900,"Mahia",
208001,"Puketitiri-Tutira",
208100,"Sherenden-Crownthorpe",
208200,"Maraekakaho",
208301,"Puketapu-Eskdale",
208401,"Omahu-Pakowhai",
208500,"Bridge Pa",
208601,"Twyford",
208700,"Poukawa",
208800,"Flaxmere West",
208901,"Omahu Strip",
209000,"Lochain Park",
209100,"Flaxmere Park",
209201,"Flaxmere South",
209301,"Irongate",
209401,"Frimley",
209500,"Camberley",
209601,"Clive",
209700,"St Leonards",
209800,"Mahora",
209901,"Raureka",
210000,"Cornwall Park",
210100,"Tomoana",
210201,"Longlands-Pukahu",
210300,"Raceway Park",
210400,"Karamu",
210500,"Hastings Central",
210600,"Tomoana Crossing",
210700,"Akina Park",
210800,"Queens Square",
210900,"Mayfair",
211000,"Parkhaven",
211100,"Parkvale",
211201,"Mangateretere",
211301,"Haumoana",
211302,"Te Awanga",
211401,"Lucknow",
211500,"Karanema-St Hill",
211600,"Havelock North-Central",
211701,"Brookvale",
211800,"Iona",
211900,"Hereworth",
212000,"Te Mata Hills",
212100,"Havelock Hills",
212201,"Kahuranaki",
212301,"Bay View (Napier City)",
212400,"Poraiti Hills",
212500,"Poraiti Flat",
212600,"Westshore",
212700,"Inlet Napier City",
212800,"Onekawa West",
212900,"Ahuriri",
213000,"Taradale West",
213100,"Greenmeadows West",
213200,"Taradale South",
213300,"Bluff Hill",
213400,"Hospital Hill",
213500,"Tamatea West",
213600,"Tamatea North",
213700,"Taradale Central",
213800,"Tamatea East",
213900,"Marewa West",
214000,"Greenmeadows Central",
214100,"Onekawa Central",
214200,"Pirimai West",
214300,"Napier Central",
214400,"Greenmeadows South",
214500,"Nelson Park",
214600,"Bledisloe Park",
214700,"Pirimai East",
214800,"Onekawa East",
214900,"Tareha Reserve",
215000,"Marewa East",
215101,"Onekawa South",
215200,"McLean Park",
215300,"Maraenui",
215401,"Meeanee-Awatoto",
215500,"Mangaonuku",
215600,"Makaretu",
215700,"Waipawa",
215801,"Waipukurau West",
215900,"Mangarara",
216000,"Waipukurau East",
216101,"Taurekaitai",
216200,"Port Taranaki",
216300,"Spotswood",
216401,"Omata",
216500,"Oakura",
216600,"Moturoa",
216700,"Kaitake",
216800,"Blagdon-Lynmouth",
216900,"Kawaroa",
217000,"New Plymouth Central",
217100,"Marfell",
217201,"Whalers Gate",
217300,"Strandon",
217400,"Westown",
217501,"Bell Block West",
217502,"Bell Block Central",
217601,"Bell Block East-Puketapu",
217701,"Waiwhakaiho-Bell Block South",
217800,"Lower Vogeltown",
217901,"Hurdon",
218001,"Frankleigh Park",
218100,"Merrilands",
218201,"Ferndale",
218301,"Welbourn",
218401,"Fitzroy (New Plymouth District)",
218402,"Glen Avon",
218500,"Waitara West",
218600,"Upper Vogeltown",
218700,"Highlands Park (New Plymouth District)",
218801,"Paraite",
218901,"Waitara East",
219000,"Lepperton-Brixton",
219100,"Mangorei",
219200,"Mount Messenger",
219301,"Mangaoraka",
219401,"Tikorangi",
219501,"Everett Park",
219601,"Inglewood",
219700,"Tarata",
219800,"Pembroke",
219900,"Douglas",
220001,"Toko",
220101,"Stratford North",
220200,"Whangamomona",
220301,"Stratford Central",
220400,"Stratford South",
220501,"Parihaka",
220600,"Taungatara",
220700,"Opunake",
220800,"Kaponga-Mangatoki",
220901,"Manaia",
220902,"Kapuni",
221001,"Eltham",
221100,"Okaiawa",
221201,"Te Roti-Moeroa",
221301,"Hawera West",
221401,"Normanby (South Taranaki District)",
221402,"Tawhiti",
221500,"Ohangai",
221600,"Turuturu",
221700,"King Edward Park",
221800,"Ramanui",
221900,"Hawera Central",
222000,"Mangawhio",
222101,"Manutahi-Waitotora",
222201,"Patea",
222300,"Otangiwai-Ohura",
222400,"Ngapuke",
222500,"Taumarunui North",
222600,"Taumarunui Central",
222700,"Taumarunui East",
222800,"National Park",
222900,"Tangiwai",
223000,"Raetihi",
223100,"Ohakune",
223200,"Waiouru",
223300,"Upper Whanganui",
223400,"Mowhanau",
223501,"Brunswick-Papaiti",
223600,"Castlecliff West",
223701,"Otamatea (Whanganui District)",
223800,"Castlecliff East",
223901,"Springvale North",
224000,"Lower Aramoho",
224100,"St Johns Hill East",
224200,"St Johns Hill West",
224301,"Titoki",
224401,"Springvale West",
224500,"Springvale East",
224600,"Upper Aramoho",
224700,"Balgownie",
224800,"Laird Park",
224900,"Wembley Park",
225000,"College Estate",
225100,"Whanganui East-Williams Domain",
225200,"Gonville West",
225300,"Gonville North",
225400,"Cornmarket",
225500,"Whanganui East-Riverlands",
225600,"Kaitoke-Fordell",
225700,"Whanganui Central",
225800,"Gonville South",
225900,"Bastia-Durie Hill",
226000,"Putiki",
226100,"Mokai Patea",
226200,"Ngamatea",
226300,"Turakina",
226400,"Otairi",
226500,"Taihape",
226601,"Marton Rural",
226701,"Marton North",
226800,"Parewanui",
226900,"Marton South",
227000,"Bulls",
227100,"Kiwitea",
227200,"Tokorangi",
227300,"Ohakea-Sanson",
227400,"Oroua Downs",
227500,"Awahuri",
227600,"Pohangina-Apiti",
227700,"Mount Taylor",
227800,"Taikorea",
227900,"Makino",
228000,"Sandon",
228100,"Kimbolton North",
228200,"Warwick",
228300,"Kimbolton West",
228400,"Feilding Central",
228500,"Kimbolton South",
228600,"Kauwhata",
228700,"Taonui",
228800,"Newbury",
228901,"Palmerston North Airport",
229001,"Milson North",
229100,"Cloverlea (Palmerston North City)",
229201,"Tremaine",
229300,"Milson South",
229400,"Whakarongo",
229500,"Westbrook",
229600,"Takaro North",
229700,"Pioneer West",
229800,"Palmerston North Hospital",
229900,"Highbury East",
230000,"Park West",
230100,"Takaro South",
230200,"Roslyn (Palmerston North City)",
230300,"Kelvin Grove West",
230400,"Kelvin Grove North",
230500,"Papaioea North",
230600,"Palmerston North Central",
230700,"Awapuni North",
230800,"Terrace End",
230900,"Maraetarata",
231000,"Papaioea South",
231101,"Royal Oak (Palmerston North City)",
231200,"West End",
231300,"Awapuni South",
231400,"Milverton",
231500,"Ruamahanga",
231600,"Esplanade",
231700,"Hokowhitu Central",
231800,"Hokowhitu East",
231900,"Turitea",
232000,"Ruahine",
232101,"Linton Camp",
232200,"Ashhurst",
232300,"Hokowhitu South",
232400,"Aokautere",
232501,"Pihauatua",
232601,"Aokautere Rural",
232701,"Poutoa",
232702,"Fitzherbert",
232800,"Norsewood",
232900,"Papatawa",
233000,"Mangatainoka",
233100,"Woodville",
233200,"Dannevirke West",
233300,"Dannevirke East",
233400,"Waitahora",
233500,"Kaitawa",
233600,"Pahiatua",
233700,"Nireaha-Eketahuna",
233801,"Owahanga",
233900,"Mara",
234001,"Kere Kere",
234100,"Foxton Beach",
234201,"Foxton North",
234301,"Foxton South",
234400,"Waitarere",
234500,"Waikawa (Horowhenua District)",
234600,"Miranui",
234700,"Donnelly Park",
234801,"Ohau-Manakau",
234900,"Kawiu South",
235000,"Makomako",
235100,"Kawiu North",
235200,"Levin Central",
235301,"Tararua",
235400,"Shannon",
235500,"Queenwood (Horowhenua District)",
235600,"Playford Park",
235700,"Fairfield (Horowhenua District)",
235800,"Taitoko",
235900,"Waiopehu",
236000,"Makahika",
236100,"Kimberley",
236200,"Kapiti Island",
236300,"Otaki Beach",
236401,"Forest Lakes (Kapiti Coast District)",
236500,"Otaki",
236600,"Te Horo",
236701,"Waitohu",
236800,"Waikanae Beach",
236900,"Peka Peka",
237001,"Paraparaumu Beach North",
237100,"Paraparaumu Beach West",
237200,"Waikanae Park",
237300,"Paraparaumu Beach East",
237401,"Otaihanga",
237500,"Paraparaumu North",
237600,"Waikanae West",
237700,"Otaki Forks",
237800,"Paraparaumu Central",
237900,"Maungakotukutuku",
238000,"Raumati Beach West",
238100,"Waikanae East",
238200,"Tararua Forest Park",
238300,"Raumati Beach East",
238400,"Paraparaumu East",
238500,"Raumati South",
238600,"Paekakariki",
238700,"Mana Island",
238800,"Pukerua Bay",
238900,"Paekakariki Hill",
239000,"Plimmerton",
239100,"Titahi Bay North",
239200,"Titahi Bay South",
239300,"Elsdon-Takapuwahia",
239401,"Pauatahanui",
239500,"Onepoto",
239600,"Camborne",
239701,"Inlet Porirua Harbour",
239801,"Paremata",
239900,"Porirua Central",
240000,"Papakowhai",
240100,"Aotea",
240201,"Postgate",
240300,"Ascot Park",
240401,"Whitby",
240500,"Porirua East",
240601,"Endeavour West",
240602,"Endeavour East",
240700,"Cannons Creek North",
240801,"Waitangirua Tairangi",
240802,"Waitangirua Corinna",
240900,"Ranui Heights",
241000,"Cannons Creek East",
241100,"Cannons Creek South",
241200,"Akatarawa",
241300,"Riverstone Terraces",
241400,"Heretaunga",
241500,"Birchville-Brown Owl",
241600,"Poets Block",
241700,"Brentwood (Upper Hutt City)",
241800,"Silverstream (Upper Hutt City)",
241900,"Elderslea",
242000,"Trentham North",
242100,"Totara Park",
242200,"Trentham South",
242300,"Mangaroa",
242400,"Ebdentown",
242500,"Wallaceville",
242600,"Maoribank",
242700,"Te Marua",
242800,"Pinehaven",
242900,"Clouston Park",
243000,"Upper Hutt Central",
243100,"Belmont Park",
243200,"Maungaraki",
243300,"Korokoro",
243400,"Kelson",
243500,"Normandale",
243600,"Belmont (Lower Hutt City)",
243700,"Petone Central",
243800,"Tirohanga",
243900,"Manor Park",
244000,"Alicetown-Melling",
244100,"Taita North",
244200,"Boulcott",
244300,"Hutt Central North",
244400,"Avalon West",
244500,"Stokes Valley Central",
244600,"Taita South",
244700,"Petone East",
244800,"Hutt Central South",
244900,"Stokes Valley North",
245000,"Petone Esplanade",
245100,"Epuni West",
245200,"Avalon East",
245300,"Woburn",
245400,"Naenae Central",
245500,"Waterloo West",
245600,"Epuni East",
245700,"Gracefield",
245800,"Moera",
245900,"Delaney",
246001,"Waiwhetu North",
246002,"Waiwhetu South",
246100,"Waterloo East",
246200,"Naenae North",
246300,"Manuka",
246400,"Naenae South",
246500,"Towai",
246600,"Arakura",
246700,"Eastern Bays",
246800,"Pencarrow",
246900,"Wainuiomata West",
247000,"Glendale",
247100,"Wainuiomata Central",
247200,"Eastbourne",
247300,"Homedale East",
247400,"Homedale West",
247501,"Makara-Ohariu",
247600,"Tawa North",
247700,"Linden",
247800,"Tawa South",
247900,"Tawa Central",
248000,"Grenada North",
248101,"Churton Park North",
248102,"Glenside-Churton Park East",
248200,"Takapu-Horokiwi",
248301,"Churton Park South",
248400,"Johnsonville West",
248500,"Grenada Village",
248600,"Johnsonville North",
248701,"Paparangi",
248800,"Ngaio North",
248900,"Johnsonville Central",
249000,"Broadmeadows",
249101,"Crofton Downs",
249200,"Johnsonville South",
249300,"Khandallah Reserve",
249401,"Karori Park",
249402,"Karori West",
249501,"Newlands North",
249600,"Ngaio South",
249701,"Newlands South",
249702,"Newlands East",
249800,"Woodridge",
249900,"Karori North",
250000,"Khandallah North",
250100,"Wilton",
250200,"Khandallah South",
250300,"Wadestown",
250401,"Karori South",
250500,"Onslow",
250600,"Karori East",
250700,"Pipitea-Kaiwharawhara",
250800,"Northland (Wellington City)",
250901,"Thorndon North",
250902,"Thorndon South",
251000,"Wellington Botanic Gardens",
251100,"Kelburn",
251200,"Aro Valley",
251300,"Wellington University",
251400,"Wellington Central",
251500,"Brooklyn North",
251601,"Dixon Street West",
251602,"Dixon Street East",
251700,"Vivian West",
251800,"Courtenay",
251900,"Brooklyn East",
252001,"Mount Cook North",
252002,"Mount Cook South",
252100,"Vivian East",
252200,"Brooklyn South",
252300,"Oriental Bay",
252400,"Mount Cook East",
252501,"Mount Victoria North",
252502,"Mount Victoria South",
252600,"Roseneath",
252700,"Owhiro Bay",
252800,"Kingston-Mornington-Vogeltown",
252900,"Newtown North",
253000,"Newtown West",
253101,"Hataitai North West",
253102,"Hataitai North East",
253200,"Evans Bay",
253300,"Berhampore",
253400,"Hataitai South",
253501,"Maupuia",
253600,"Newtown South",
253700,"Kilbirnie Central",
253800,"Island Bay West",
253900,"Melrose",
254000,"Island Bay East",
254100,"Miramar North",
254200,"Kilbirnie East",
254300,"Lyall Bay",
254401,"Miramar Central",
254500,"Southgate",
254600,"Karaka Bay-Worser Bay",
254700,"Houghton Bay",
254800,"Miramar East",
254900,"Miramar South",
255000,"Rongotai",
255100,"Strathmore (Wellington City)",
255200,"Seatoun",
255300,"Kopuaranga",
255401,"Upper Plain",
255501,"Opaki",
255601,"Ngaumutawa",
255700,"Solway North",
255800,"Lansdowne West",
255900,"Masterton Central",
256000,"Kuripuni",
256100,"Douglas Park",
256200,"Solway South",
256301,"Lansdowne East",
256400,"Cameron and Soldiers Park",
256500,"Whareama",
256600,"Homebush-Te Ore Ore",
256700,"McJorrow Park",
256800,"Mount Holdsworth",
256900,"Carterton North",
257000,"Kokotau",
257100,"Carterton South",
257200,"Gladstone (Carterton District)",
257300,"Tauherenikau",
257400,"Kahutara",
257500,"Featherston",
257600,"Inland water Lake Wairarapa",
257700,"Greytown",
257801,"Aorangi Forest",
257901,"Martinborough",
258000,"Oceanic Three Kings Islands",
258100,"Three Kings Islands",
258200,"Oceanic Northland Region",
258300,"Inlet Doubtless Bay",
258400,"Inlet Kaipara Harbour North",
258500,"Oceanic Waikato Region East",
258600,"Inlets Waikato Region",
258700,"Oceanic Waikato Region West",
258800,"Oceanic Bay of Plenty Region",
258900,"Islands Bay of Plenty Region",
259000,"Oceanic Taranaki Region",
259100,"Inlet Port Taranaki",
259200,"Oceanic Gisborne Region",
259300,"Oceanic Manawatu-Whanganui Region West",
259400,"Oceanic Hawke's Bay Region",
259500,"Inlet Port Napier",
259600,"Oceanic Wellington Region",
259700,"Inlet Wellington Harbour",
259800,"Bare Island",
259900,"Oceanic Manawatu-Whanganui Region East",
300200,"Oceanic Tasman Region",
300301,"Golden Bay/Mohua",
300401,"Inlets Golden Bay",
300500,"Takaka",
300601,"Pohara-Abel Tasman",
300700,"Takaka Hills",
300801,"Kaiteriteri-Riwaka",
300900,"Upper Moutere",
301000,"Lower Moutere",
301101,"Motueka North",
301200,"Motueka West",
301301,"Motueka East",
301401,"Inlets Motueka",
301500,"Golden Downs",
301601,"Moutere Hills",
301602,"Waimea Inlet",
301703,"Ruby Bay",
301704,"Mapua",
301800,"Murchison-Nelson Lakes",
301900,"Inlet Waimea West",
302000,"Islands Tasman District",
302101,"Waimea West",
302201,"Appleby (Tasman District)",
302300,"Wakefield",
302400,"Richmond West (Tasman District)",
302500,"Wakefield Rural",
302600,"Brightwater",
302701,"Hope",
302800,"Richmond Central (Tasman District)",
302900,"Ben Cooper Park",
303001,"Richmond South (Tasman District)",
303100,"Wilkes Park",
303200,"Templemore",
303300,"Easby Park",
303400,"Fairose",
303500,"Aniseed Valley",
303600,"Nelson Rural",
303701,"Inlets Nelson City",
303800,"Marybank",
303901,"Port Nelson",
304000,"Nelson Airport",
304100,"Tahunanui",
304200,"Britannia",
304300,"Atawhai",
304400,"Broadgreen-Monaco",
304500,"Washington",
304600,"Tahuna Hills",
304700,"Nelson Central-Trafalgar",
304800,"The Wood",
304900,"Toi Toi",
305000,"Nayland",
305100,"Aldinga",
305200,"Victory",
305300,"Rutherford",
305400,"Maitlands",
305500,"Maitai",
305600,"Grampians",
305700,"Saxton",
305800,"Suffolk",
305900,"Omaio",
306000,"Enner Glynn",
306100,"Daelyn",
306200,"The Brook",
306301,"Marlborough Sounds West",
306401,"Marlborough Sounds Coastal Marine",
306501,"Marlborough Sounds East",
306600,"Upper Wairau",
306701,"Waikawa (Marlborough District)",
306801,"Waitohi (Marlborough District)",
306900,"Tuamarina",
307000,"Awatere",
307100,"Renwick",
307200,"Lower Wairau",
307301,"Woodbourne",
307400,"Spring Creek-Grovetown",
307501,"Springlands",
307601,"Yelverton",
307700,"Mayfield",
307801,"Whitney West",
307802,"Burleigh",
307900,"Blenheim Central",
308000,"Riversdale-Islington",
308100,"Whitney East",
308200,"Redwoodtown West",
308300,"Witherlea West",
308400,"Redwoodtown East",
308500,"Riverlands",
308600,"Witherlea East",
308700,"Inlet Wairau River",
308800,"Kaikoura Ranges",
308900,"Kaikoura",
309000,"Karamea",
309101,"Inlets Buller District",
309201,"Westport North",
309300,"Westport Rural",
309400,"Westport South",
309500,"Buller Coalfields",
309600,"Charleston (Buller District)",
309700,"Inangahua",
309800,"Reefton",
309900,"Barrytown",
310000,"Runanga",
310101,"Cobden",
310102,"Inlet Grey River",
310200,"Blaketown",
310300,"Greymouth Central",
310400,"King Park",
310500,"Marsden",
310600,"Karoro",
310700,"Rutherglen-Camerons",
310801,"Greymouth Rural",
310901,"Dobson",
311000,"Nelson Creek",
311101,"Lake Brunner",
311200,"Haast",
311300,"Westland Glaciers-Bruce Bay",
311401,"Arahura-Kumara",
311501,"Hokitika",
311600,"Inlets Westland District",
311701,"Hokitika Rural",
311800,"Waitaha",
311900,"Whataroa-Harihari",
312001,"Hokitika Valley-Otira",
312100,"Hanmer Range",
312200,"Amuri",
312300,"Hanmer Springs",
312400,"Upper Hurunui",
312500,"Parnassus",
312600,"Ashley Forest",
312700,"Omihi",
312801,"Balcairn",
312901,"Amberley",
313000,"Okuku",
313100,"Ashley Gorge",
313200,"Oxford",
313300,"Starvation Hill-Cust",
313400,"Loburn",
313500,"Eyrewell",
313600,"West Eyreton",
313700,"Ashley-Sefton",
313801,"Fernside",
313900,"Rangiora North West",
314000,"Kingsbury",
314100,"Ashgrove",
314200,"Rangiora North East",
314301,"Oxford Estate",
314400,"Rangiora Central",
314501,"Rangiora South West",
314600,"Lilybrook",
314701,"Waikuku",
314702,"Ravenswood",
314703,"Waikuku Beach",
314801,"Mandeville",
314802,"Ohoka",
314900,"Rangiora South East",
315001,"Southbrook",
315100,"Swannanoa-Eyreton",
315200,"Tuahiwi",
315301,"Woodend",
315400,"Pegasus",
315500,"Clarkville",
315601,"Pegasus Bay",
315700,"Kaiapoi North West",
315800,"Silverstream (Waimakariri District)",
315901,"Sovereign Palms",
316000,"Kaiapoi West",
316100,"Kaiapoi Central",
316200,"Kaiapoi South",
316300,"Kaiapoi East",
316401,"McLeans Island",
316500,"Paparua",
316600,"Yaldhurst",
316700,"Christchurch Airport",
316800,"Clearwater",
316900,"Belfast West",
317000,"Harewood",
317100,"Brooklands-Spencerville",
317201,"Styx",
317301,"Belfast East",
317400,"Northwood",
317501,"Burnside West",
317600,"Regents Park",
317701,"Russley",
317800,"Bishopdale North",
317900,"Casebrook",
318000,"Bishopdale West",
318100,"Templeton",
318200,"Islington",
318300,"Burnside Park",
318401,"Marshland",
318402,"Burlington-Oakbridge",
318501,"Avonhead North",
318600,"Redwood North",
318700,"Broomfield",
318800,"Redwood West",
318901,"Avonhead West",
319000,"Bishopdale South",
319101,"Islington-Hornby Industrial",
319200,"Burnside",
319300,"Hei Hei",
319400,"Papanui North",
319500,"Avonhead East",
319600,"Redwood East",
319700,"Avonhead South",
319800,"Riccarton Racecourse",
319900,"Bryndwr North",
320000,"Northlands (Christchurch City)",
320100,"Papanui West",
320200,"Ilam North",
320300,"Hornby West",
320400,"Hornby Central",
320501,"Northcote (Christchurch City)",
320600,"Jellie Park",
320700,"Ilam South",
320800,"Bryndwr South",
320900,"Papanui East",
321000,"Sockburn North",
321101,"Hornby South",
321102,"Branston",
321200,"Ilam University",
321301,"Prestons",
321302,"Prestons Park",
321400,"Strowan",
321500,"Fendalton",
321600,"Waitikiri",
321701,"Mairehau North",
321800,"Bush Inn",
321901,"Awatea North",
322000,"Upper Riccarton",
322100,"Malvern",
322200,"Rutland",
322300,"Sockburn South",
322400,"Deans Bush",
322500,"Wigram North",
322600,"Holmwood",
322700,"Wharenui",
322800,"Wigram West",
322900,"Awatea South",
323000,"Merivale",
323100,"Mairehau South",
323200,"Mona Vale",
323300,"Riccarton West",
323400,"Shirley West",
323500,"Middleton",
323600,"Wigram South",
323700,"Queenspark",
323800,"St Albans North",
323900,"St Albans West",
324001,"Burwood North",
324100,"Wigram East",
324200,"Riccarton Central",
324300,"Oaklands West",
324400,"Riccarton South",
324501,"Halswell West",
324502,"Halswell South West",
324600,"Shirley East",
324700,"Broken Run",
324800,"St Albans East",
324900,"Hagley Park",
325000,"Hillmorton",
325100,"Parklands",
325200,"Riccarton East",
325301,"Edgeware North",
325302,"Edgeware South",
325400,"Aidanfield",
325500,"Tower Junction",
325601,"Burwood South",
325700,"Christchurch Central-West",
325800,"Christchurch Central-North",
325900,"Richmond North (Christchurch City)",
326000,"Waimairi Beach",
326100,"Addington West",
326200,"Otakaro-Avon River Corridor",
326301,"Oaklands East",
326400,"Addington North",
326500,"Dallington",
326600,"Christchurch Central",
326701,"Hoon Hay West",
326800,"Richmond South (Christchurch City)",
326900,"Spreydon West",
327000,"Christchurch Central-East",
327100,"Christchurch Central-South",
327200,"North Beach",
327301,"Halswell North",
327400,"Addington East",
327500,"Avondale (Christchurch City)",
327600,"Spreydon North",
327700,"Hoon Hay East",
327800,"Avonside",
327901,"Stanmore",
327902,"Linwood Central",
328001,"Halswell South",
328100,"Sydenham Central",
328200,"Spreydon South",
328300,"Rawhiti",
328400,"Wainoni",
328500,"Linwood North",
328600,"Aranui",
328700,"Sydenham West",
328800,"Lancaster Park",
328900,"Phillipstown",
329001,"Kennedys Bush",
329002,"Halswell South East",
329100,"Somerfield East",
329200,"Somerfield West",
329300,"Linwood East",
329400,"Sydenham North",
329500,"Hoon Hay South",
329600,"Charleston (Christchurch City)",
329700,"Sydenham South",
329800,"Bexley",
329900,"Waltham",
330000,"Westmorland",
330100,"Woolston North",
330200,"New Brighton",
330300,"Cashmere West",
330400,"Bromley South",
330500,"Ensors",
330600,"Beckenham",
330700,"Bromley North",
330800,"St Martins",
330900,"Opawa",
331000,"Woolston West",
331100,"Woolston East",
331200,"Huntsbury",
331300,"Cashmere East",
331400,"Hillsborough (Christchurch City)",
331500,"Woolston South",
331600,"Port Hills",
331700,"South New Brighton",
331801,"Brookhaven-Ferrymead",
331900,"Heathcote Valley",
332000,"Mount Pleasant",
332100,"Redcliffs",
332200,"Governors Bay",
332301,"Inlets other Christchurch City",
332400,"Clifton Hill",
332501,"Lyttelton",
332601,"Inlet Port Lyttelton",
332700,"Sumner",
332801,"Teddington",
332901,"Diamond Harbour",
333000,"Inland water Lake Ellesmere/Te Waihora South",
333100,"Banks Peninsula South",
333201,"Banks Peninsula Eastern Bays",
333300,"Akaroa Harbour",
333400,"Inlet Akaroa Harbour",
333500,"Akaroa",
333600,"Craigieburn",
333700,"Torlesse",
333800,"Glenroy-Hororata",
333901,"Glentunnel",
334001,"Darfield",
334100,"Kirwee",
334200,"Bankside",
334300,"Charing Cross",
334400,"Halkett",
334501,"Newtons Road",
334601,"West Melton",
334700,"Burnham Camp",
334801,"Rolleston Izone",
334901,"Rolleston North Central",
335001,"Springston",
335101,"Rolleston Central",
335201,"Rolleston Tauwharekakaho",
335202,"Rolleston North East",
335301,"Rolleston South West",
335302,"Rolleston South Central",
335400,"Southbridge",
335501,"Faringdon",
335502,"Rolleston South East",
335600,"Trents",
335701,"Prebbleton North",
335702,"Prebbleton South",
335800,"Irwell",
335901,"Ladbrooks",
336001,"Lincoln West",
336002,"Lincoln South",
336101,"Lincoln North",
336102,"Lincoln East",
336200,"Leeston",
336301,"Tai Tapu",
336400,"Motukarara",
336500,"Inland water Lake Ellesmere/Te Waihora North",
336600,"Ashburton Lakes",
336701,"Cairnbrae",
336800,"Ashburton Forks",
336901,"Methven",
337000,"Ealing-Lowcliffe",
337100,"Eiffelton",
337200,"Chertsey",
337301,"Winchmore-Wakanui",
337400,"Allenton North",
337500,"Allenton South",
337600,"Rakaia",
337700,"Ashburton North",
337800,"Allenton East",
337900,"Tinwald North",
338000,"Ashburton Central",
338100,"Ashburton West",
338200,"Tinwald South",
338300,"Ashburton East",
338401,"Netherby",
338501,"Hampstead",
338600,"Ben McLeod",
338700,"Arundel",
338800,"Levels Valley",
338901,"Geraldine",
339002,"Rangitata",
339100,"Waitohi (Timaru District)",
339200,"Pleasant Point",
339300,"Temuka West",
339400,"Hadlow",
339500,"Levels",
339600,"Temuka East",
339700,"Gleniti North",
339800,"Washdyke",
339900,"Fairview",
340000,"Gleniti South",
340100,"Glenwood",
340200,"Marchwiel West",
340300,"Marchwiel East",
340400,"Highfield North",
340500,"Highfield South",
340601,"Waimataitai-Maori Hill",
340700,"Fraser Park",
340801,"Seaview",
340900,"Inlet Port Timaru",
341000,"Watlington",
341101,"Timaru Central",
341201,"Timaru East",
341300,"Parkside",
341400,"Kensington (Timaru District)",
341501,"Mackenzie Lakes",
341600,"Inland water Lake Pukaki",
341700,"Inland water Lake Tekapo",
341801,"Twizel",
341900,"Opua (Mackenzie District)",
342000,"Fairlie",
342100,"Hakataramea",
342200,"Maungati",
342300,"Lyalldale",
342400,"Makikihi-Willowbridge",
342500,"Waimate North",
342600,"Morven-Glenavy-Ikawai",
342700,"Waimate West",
342800,"Waimate East",
342900,"Oceanic Chatham Islands",
343000,"Chatham Islands",
343100,"Aviemore",
343200,"Inland water Lake Ohau",
343300,"Danseys Pass",
343400,"Ngapara",
343501,"Lower Waitaki",
343600,"Waihemo",
343700,"Maheno",
343801,"Weston",
343900,"Oamaru North Milner Park",
344000,"Oamaru North Orana Park",
344100,"Oamaru Gardens",
344200,"Glen Warren",
344300,"Holmes Hill",
344400,"Oamaru Central",
344500,"South Hill",
344600,"Inlet Port Oamaru",
344700,"Palmerston",
344800,"Lindis-Nevis Valleys",
344900,"Cromwell West",
345000,"Cromwell East",
345100,"Manuherikia-Ida Valleys",
345200,"Earnscleugh",
345300,"Dunstan-Galloway",
345400,"Clyde",
345500,"Alexandra North",
345600,"Alexandra South",
345700,"Maniototo",
345800,"Teviot Valley",
345900,"Outer Wanaka",
346000,"Glenorchy",
346100,"Inland water Lake Wanaka",
346201,"Outer Wakatipu",
346300,"Inland water Lake Hawea",
346400,"Cardrona",
346500,"Inland water Lake Wakatipu",
346600,"Wanaka Waterfront",
346701,"Wanaka North",
346702,"Northlake",
346800,"Wanaka West",
346901,"Albert Town",
347000,"Wanaka Central",
347101,"Lake Hawea",
347201,"Upper Clutha Valley",
347300,"Kingston",
347401,"Arthurs Point",
347501,"Wakatipu Basin",
347600,"Queenstown Hill",
347700,"Warren Park",
347801,"Sunshine Bay-Fernhill",
347901,"Arrowtown",
348000,"Quail Rise",
348100,"Queenstown Central",
348200,"Queenstown East",
348300,"Frankton Arm",
348400,"Frankton",
348500,"Lake Hayes",
348600,"Kelvin Heights",
348700,"Shotover Country",
348801,"Lake Hayes Estate",
348901,"Jacks Point",
349000,"Strath Taieri",
349100,"Bucklands Crossing",
349200,"Waikouaiti",
349300,"Momona",
349401,"Taieri",
349500,"Inlets other Dunedin City",
349601,"Mount Cargill",
349700,"Bush Road",
349801,"Mosgiel East",
349900,"Mosgiel Central",
350000,"Seddon Park",
350100,"Wingatui",
350201,"Saddle Hill-Chain Hills",
350300,"East Taieri",
350401,"Halfway Bush",
350500,"Helensburgh",
350600,"Glenleith",
350700,"Fairfield (Dunedin City)",
350801,"Inlet Otago Harbour",
350900,"Brockville",
351000,"Wakari",
351100,"Abbotsford",
351200,"Brighton",
351300,"Pine Hill-Dalmore",
351400,"Kaikorai-Bradford",
351500,"Maori Hill",
351600,"Roslyn (Dunedin City)",
351700,"North East Valley Chingford",
351801,"Roseneath-Sawyers Bay",
351901,"Normanby (Dunedin City)",
352000,"North East Valley Knox",
352100,"Belleknowes",
352200,"Gardens (Dunedin City)",
352300,"Kenmure",
352400,"Campus West",
352500,"Waldronville",
352600,"Green Island",
352701,"Port Chalmers",
352800,"Royal Terrace",
352900,"Arthur Street",
353000,"Opoho",
353100,"Campus North",
353200,"Campus South",
353300,"Mornington",
353400,"Dunedin Central",
353500,"Maryhill",
353600,"Ravensbourne-St Leonards",
353701,"Harbourside",
353800,"Fernhill",
353900,"Otago Peninsula",
354000,"Concord",
354100,"Calton Hill",
354200,"Caversham",
354300,"Hillside-Portsmouth Drive",
354400,"Kew (Dunedin City)",
354500,"Corstorphine",
354600,"Forbury",
354701,"South Dunedin",
354800,"St Clair",
354901,"Waverley (Dunedin City)",
355000,"Macandrew Bay-Company Bay",
355100,"Broad Bay-Portobello",
355200,"St Kilda South",
355300,"Musselburgh",
355400,"Shiel Hill",
355500,"St Kilda North",
355600,"Andersons Bay",
355700,"Tainui",
355800,"West Otago",
355900,"Tuapeka",
356000,"Clinton",
356100,"Clutha Valley",
356200,"Bruce",
356300,"Catlins",
356400,"Milton",
356500,"Balclutha South",
356600,"Balclutha North",
356700,"Benhar-Stirling",
356800,"Kaitangata-Matau",
356900,"Inlet Catlins",
357000,"Fiordland",
357100,"Inlets Fiordland",
357200,"Inland water Lake Te Anau",
357300,"Mararoa",
357400,"Inland water Lake Manapouri",
357501,"Te Anau",
357601,"Whitestone",
357700,"Mossburn",
357800,"Inland water Lake Hauroko",
357900,"Longwood Forest",
358000,"Ohai-Nightcaps",
358100,"Riversdale-Piano Flat",
358200,"Lumsden-Balfour",
358300,"Oreti River",
358400,"Otautau",
358500,"Hedgehope",
358600,"Winton",
358700,"Waianiwa",
358801,"Riverton",
358900,"Wallacetown",
359000,"Grove Bush",
359100,"Edendale-Woodlands",
359201,"Inlets other Southland District",
359300,"Stewart Island",
359400,"Awarua Plains",
359500,"Wyndham-Catlins",
359600,"Waikaka",
359700,"Waimumu-Kaiwera",
359800,"Gore North",
359900,"Gore West",
360000,"East Gore",
360100,"Gore Central",
360200,"Gore Main",
360300,"Gore South",
360400,"Mataura",
360500,"West Plains-Makarewa",
360601,"Prestonville-Grasmere",
360701,"Waikiwi",
360801,"Myross Bush",
360900,"Otatara",
361000,"Invercargill Central",
361100,"Gladstone (Invercargill City)",
361201,"Rosedale-Hargest",
361300,"Avenal",
361501,"Windsor",
361502,"Waverley (Invercargill City)",
361601,"Richmond (Invercargill City)",
361701,"Glengarry",
361800,"Inlet New River Estuary",
361900,"Turnbull Thompson Park",
362001,"Appleby North (Invercargill City)",
362100,"Georgetown",
362201,"Appleby South (Invercargill City)",
362301,"Kennington-Tisbury",
362401,"Newfield",
362402,"Rockdale",
362501,"Strathern",
362601,"Heidelberg",
362901,"Kingswell",
363001,"Clifton-Kew",
363100,"Woodend-Greenhills",
363201,"Inlet Bluff Harbour",
363301,"Bluff",
363400,"Oceanic West Coast Region",
363500,"Oceanic Nelson Region",
363600,"Oceanic Marlborough Region",
363700,"Oceanic Southland Region",
363800,"Oceanic Canterbury Region",
363900,"Oceanic Otago Region",
364000,"Motunau Island",
400001,"New Zealand Economic Zone",
400002,"Oceanic Kermadec Islands",
400003,"Kermadec Islands",
400004,"Oceanic Oil Rig Taranaki",
400005,"Oceanic Campbell Island",
400006,"Campbell Island",
400007,"Oceanic Oil Rig Southland",
400008,"Oceanic Auckland Islands",
400009,"Auckland Islands",
400010,"Oceanic Bounty Islands",
400011,"Bounty Islands",
400012,"Oceanic Snares Islands",
400013,"Snares Islands",
400014,"Oceanic Antipodes Islands",
400015,"Antipodes Islands",
400016,"Ross Dependency",
